106,01-Nov-2020,1:08:59 am
107,01-Nov-2020,1:09:02 am
106,01-Nov-2020,1:09:04 am
105,01-Nov-2020,1:09:06 am
106,01-Nov-2020,1:09:07 am
108,01-Nov-2020,1:09:09 am
109,01-Nov-2020,1:09:11 am
110,01-Nov-2020,1:09:17 am
109,01-Nov-2020,1:09:20 am
110,01-Nov-2020,1:09:22 am
111,01-Nov-2020,1:09:28 am
113,01-Nov-2020,1:09:30 am
115,01-Nov-2020,1:09:32 am
116,01-Nov-2020,1:09:33 am
119,01-Nov-2020,1:09:35 am
120,01-Nov-2020,1:09:37 am
115,01-Nov-2020,1:09:38 am
118,01-Nov-2020,1:09:39 am
116,01-Nov-2020,1:09:41 am
117,01-Nov-2020,1:09:43 am
113,01-Nov-2020,1:09:54 am
113,01-Nov-2020,1:10:00 am
110,01-Nov-2020,1:10:09 am
110,01-Nov-2020,1:10:14 am
111,01-Nov-2020,1:10:27 am
110,01-Nov-2020,1:10:30 am
110,01-Nov-2020,1:10:35 am
110,01-Nov-2020,1:10:40 am
109,01-Nov-2020,1:10:44 am
110,01-Nov-2020,1:10:46 am
110,01-Nov-2020,1:10:51 am
109,01-Nov-2020,1:10:52 am
110,01-Nov-2020,1:10:54 am
110,01-Nov-2020,1:10:59 am
81,01-Nov-2020,4:40:00 pm
82,01-Nov-2020,4:40:03 pm
82,01-Nov-2020,4:40:08 pm
81,01-Nov-2020,4:40:10 pm
81,01-Nov-2020,4:40:15 pm
80,01-Nov-2020,4:40:16 pm
78,01-Nov-2020,4:40:17 pm
77,01-Nov-2020,4:40:18 pm
78,01-Nov-2020,4:40:21 pm
79,01-Nov-2020,4:40:23 pm
78,01-Nov-2020,4:40:26 pm
77,01-Nov-2020,4:40:27 pm
75,01-Nov-2020,4:40:29 pm
76,01-Nov-2020,4:40:32 pm
76,01-Nov-2020,4:40:38 pm
77,01-Nov-2020,4:40:39 pm
76,01-Nov-2020,4:40:41 pm
75,01-Nov-2020,4:40:46 pm
74,01-Nov-2020,4:40:47 pm
73,01-Nov-2020,4:40:48 pm
74,01-Nov-2020,4:40:52 pm
73,01-Nov-2020,4:40:56 pm
94,01-Nov-2020,5:50:00 pm
95,01-Nov-2020,5:50:02 pm
95,01-Nov-2020,5:50:08 pm
94,01-Nov-2020,5:50:10 pm
95,01-Nov-2020,5:50:12 pm
94,01-Nov-2020,5:50:14 pm
95,01-Nov-2020,5:50:16 pm
94,01-Nov-2020,5:50:18 pm
93,01-Nov-2020,5:50:20 pm
94,01-Nov-2020,5:50:23 pm
95,01-Nov-2020,5:50:26 pm
94,01-Nov-2020,5:50:28 pm
93,01-Nov-2020,5:50:28 pm
92,01-Nov-2020,5:50:30 pm
93,01-Nov-2020,5:50:34 pm
93,01-Nov-2020,5:50:39 pm
94,01-Nov-2020,5:50:40 pm
93,01-Nov-2020,5:50:45 pm
91,01-Nov-2020,5:50:46 pm
90,01-Nov-2020,5:50:46 pm
91,01-Nov-2020,5:50:48 pm
90,01-Nov-2020,5:50:52 pm
90,01-Nov-2020,5:50:57 pm
89,01-Nov-2020,5:50:59 pm
88,01-Nov-2020,6:28:00 pm
89,01-Nov-2020,6:28:04 pm
89,01-Nov-2020,6:28:10 pm
88,01-Nov-2020,6:28:10 pm
89,01-Nov-2020,6:28:15 pm
88,01-Nov-2020,6:28:17 pm
86,01-Nov-2020,6:28:20 pm
84,01-Nov-2020,6:28:22 pm
85,01-Nov-2020,6:28:24 pm
86,01-Nov-2020,6:28:28 pm
88,01-Nov-2020,6:28:28 pm
88,01-Nov-2020,6:28:34 pm
86,01-Nov-2020,6:28:39 pm
85,01-Nov-2020,6:28:40 pm
86,01-Nov-2020,6:28:44 pm
88,01-Nov-2020,6:28:45 pm
89,01-Nov-2020,6:28:46 pm
90,01-Nov-2020,6:28:48 pm
91,01-Nov-2020,6:28:50 pm
91,01-Nov-2020,6:28:56 pm
77,01-Nov-2020,6:33:00 pm
78,01-Nov-2020,6:33:02 pm
79,01-Nov-2020,6:33:04 pm
79,01-Nov-2020,6:33:09 pm
78,01-Nov-2020,6:33:11 pm
79,01-Nov-2020,6:33:12 pm
80,01-Nov-2020,6:33:14 pm
81,01-Nov-2020,6:33:16 pm
83,01-Nov-2020,6:33:17 pm
84,01-Nov-2020,6:33:18 pm
85,01-Nov-2020,6:33:20 pm
85,01-Nov-2020,6:33:26 pm
86,01-Nov-2020,6:33:26 pm
86,01-Nov-2020,6:33:32 pm
85,01-Nov-2020,6:33:32 pm
84,01-Nov-2020,6:33:35 pm
85,01-Nov-2020,6:33:36 pm
84,01-Nov-2020,6:33:39 pm
85,01-Nov-2020,6:33:40 pm
86,01-Nov-2020,6:33:45 pm
88,01-Nov-2020,6:33:46 pm
89,01-Nov-2020,6:33:46 pm
88,01-Nov-2020,6:33:48 pm
88,01-Nov-2020,6:33:52 pm
89,01-Nov-2020,6:33:56 pm
90,01-Nov-2020,6:33:58 pm
95,01-Nov-2020,7:27:00 pm
96,01-Nov-2020,7:27:02 pm
97,01-Nov-2020,7:27:02 pm
98,01-Nov-2020,7:27:04 pm
99,01-Nov-2020,7:27:04 pm
100,01-Nov-2020,7:27:06 pm
99,01-Nov-2020,7:27:08 pm
98,01-Nov-2020,7:27:10 pm
98,01-Nov-2020,7:27:16 pm
96,01-Nov-2020,7:27:16 pm
97,01-Nov-2020,7:27:18 pm
98,01-Nov-2020,7:27:20 pm
98,01-Nov-2020,7:27:26 pm
97,01-Nov-2020,7:27:28 pm
96,01-Nov-2020,7:27:30 pm
95,01-Nov-2020,7:27:32 pm
94,01-Nov-2020,7:27:32 pm
93,01-Nov-2020,7:27:34 pm
94,01-Nov-2020,7:27:38 pm
96,01-Nov-2020,7:27:40 pm
97,01-Nov-2020,7:27:42 pm
96,01-Nov-2020,7:27:44 pm
95,01-Nov-2020,7:27:46 pm
94,01-Nov-2020,7:27:48 pm
93,01-Nov-2020,7:27:52 pm
94,01-Nov-2020,7:27:54 pm
95,01-Nov-2020,7:27:56 pm
96,01-Nov-2020,7:27:56 pm
91,01-Nov-2020,7:31:00 pm
92,01-Nov-2020,7:31:04 pm
92,01-Nov-2020,7:31:10 pm
93,01-Nov-2020,7:31:12 pm
94,01-Nov-2020,7:31:14 pm
95,01-Nov-2020,7:31:16 pm
96,01-Nov-2020,7:31:18 pm
97,01-Nov-2020,7:31:20 pm
98,01-Nov-2020,7:31:24 pm
97,01-Nov-2020,7:31:28 pm
98,01-Nov-2020,7:31:32 pm
99,01-Nov-2020,7:31:32 pm
100,01-Nov-2020,7:31:34 pm
101,01-Nov-2020,7:31:36 pm
102,01-Nov-2020,7:31:38 pm
103,01-Nov-2020,7:31:40 pm
101,01-Nov-2020,7:31:42 pm
100,01-Nov-2020,7:31:44 pm
101,01-Nov-2020,7:31:46 pm
102,01-Nov-2020,7:31:48 pm
103,01-Nov-2020,7:31:53 pm
103,01-Nov-2020,7:31:58 pm
94,01-Nov-2020,7:33:00 pm
93,01-Nov-2020,7:33:02 pm
92,01-Nov-2020,7:33:02 pm
91,01-Nov-2020,7:33:04 pm
90,01-Nov-2020,7:33:04 pm
89,01-Nov-2020,7:33:10 pm
88,01-Nov-2020,7:33:10 pm
86,01-Nov-2020,7:33:12 pm
85,01-Nov-2020,7:33:14 pm
84,01-Nov-2020,7:33:16 pm
83,01-Nov-2020,7:33:16 pm
84,01-Nov-2020,7:33:20 pm
83,01-Nov-2020,7:33:22 pm
82,01-Nov-2020,7:33:24 pm
81,01-Nov-2020,7:33:26 pm
80,01-Nov-2020,7:33:28 pm
79,01-Nov-2020,7:33:32 pm
81,01-Nov-2020,7:33:34 pm
82,01-Nov-2020,7:33:36 pm
82,01-Nov-2020,7:33:40 pm
81,01-Nov-2020,7:33:44 pm
81,01-Nov-2020,7:33:50 pm
82,01-Nov-2020,7:33:50 pm
81,01-Nov-2020,7:33:54 pm
83,01-Nov-2020,7:33:56 pm
83,01-Nov-2020,7:34:02 pm
82,01-Nov-2020,7:34:04 pm
83,01-Nov-2020,7:34:08 pm
84,01-Nov-2020,7:34:10 pm
83,01-Nov-2020,7:34:14 pm
84,01-Nov-2020,7:34:14 pm
87,01-Nov-2020,7:34:16 pm
89,01-Nov-2020,7:34:16 pm
88,01-Nov-2020,7:34:22 pm
86,01-Nov-2020,7:34:22 pm
86,01-Nov-2020,7:34:28 pm
87,01-Nov-2020,7:34:32 pm
86,01-Nov-2020,7:34:32 pm
87,01-Nov-2020,7:34:36 pm
88,01-Nov-2020,7:34:38 pm
87,01-Nov-2020,7:34:40 pm
86,01-Nov-2020,7:34:40 pm
85,01-Nov-2020,7:34:44 pm
86,01-Nov-2020,7:34:46 pm
89,01-Nov-2020,7:34:48 pm
91,01-Nov-2020,7:34:50 pm
93,01-Nov-2020,7:34:50 pm
94,01-Nov-2020,7:34:52 pm
93,01-Nov-2020,7:34:58 pm
94,01-Nov-2020,7:34:58 pm
82,01-Nov-2020,8:55:00 pm
83,01-Nov-2020,8:55:02 pm
84,01-Nov-2020,8:55:08 pm
85,01-Nov-2020,8:55:08 pm
87,01-Nov-2020,8:55:10 pm
90,01-Nov-2020,8:55:10 pm
91,01-Nov-2020,8:55:12 pm
90,01-Nov-2020,8:55:16 pm
89,01-Nov-2020,8:55:18 pm
88,01-Nov-2020,8:55:20 pm
86,01-Nov-2020,8:55:20 pm
85,01-Nov-2020,8:55:22 pm
84,01-Nov-2020,8:55:22 pm
84,01-Nov-2020,8:55:28 pm
85,01-Nov-2020,8:55:28 pm
85,01-Nov-2020,8:55:34 pm
85,01-Nov-2020,8:55:38 pm
87,01-Nov-2020,8:55:40 pm
86,01-Nov-2020,8:55:40 pm
85,01-Nov-2020,8:55:42 pm
84,01-Nov-2020,8:55:44 pm
83,01-Nov-2020,8:55:46 pm
82,01-Nov-2020,8:55:48 pm
81,01-Nov-2020,8:55:52 pm
80,01-Nov-2020,8:55:54 pm
79,01-Nov-2020,8:55:58 pm
80,01-Nov-2020,8:56:02 pm
79,01-Nov-2020,8:56:04 pm
79,01-Nov-2020,8:56:08 pm
80,01-Nov-2020,8:56:10 pm
81,01-Nov-2020,8:56:10 pm
81,01-Nov-2020,8:56:16 pm
81,01-Nov-2020,8:56:20 pm
80,01-Nov-2020,8:56:22 pm
81,01-Nov-2020,8:56:26 pm
80,01-Nov-2020,8:56:32 pm
79,01-Nov-2020,8:56:32 pm
78,01-Nov-2020,8:56:34 pm
76,01-Nov-2020,8:56:34 pm
77,01-Nov-2020,8:56:38 pm
76,01-Nov-2020,8:56:44 pm
75,01-Nov-2020,8:56:44 pm
76,01-Nov-2020,8:56:46 pm
77,01-Nov-2020,8:56:52 pm
78,01-Nov-2020,8:56:52 pm
79,01-Nov-2020,8:56:54 pm
80,01-Nov-2020,8:56:56 pm
81,01-Nov-2020,8:56:58 pm
95,01-Nov-2020,9:02:00 pm
96,01-Nov-2020,9:02:02 pm
97,01-Nov-2020,9:02:02 pm
96,01-Nov-2020,9:02:06 pm
95,01-Nov-2020,9:02:08 pm
94,01-Nov-2020,9:02:12 pm
94,01-Nov-2020,9:02:16 pm
94,01-Nov-2020,9:02:22 pm
95,01-Nov-2020,9:02:26 pm
96,01-Nov-2020,9:02:28 pm
97,01-Nov-2020,9:02:28 pm
98,01-Nov-2020,9:02:34 pm
99,01-Nov-2020,9:02:36 pm
100,01-Nov-2020,9:02:38 pm
101,01-Nov-2020,9:02:38 pm
100,01-Nov-2020,9:02:42 pm
99,01-Nov-2020,9:02:46 pm
100,01-Nov-2020,9:02:50 pm
100,01-Nov-2020,9:02:56 pm
101,01-Nov-2020,9:02:56 pm
100,01-Nov-2020,9:02:58 pm
101,01-Nov-2020,9:02:58 pm
105,01-Nov-2020,9:04:00 pm
106,01-Nov-2020,9:04:04 pm
107,01-Nov-2020,9:04:06 pm
106,01-Nov-2020,9:04:08 pm
104,01-Nov-2020,9:04:12 pm
103,01-Nov-2020,9:04:14 pm
105,01-Nov-2020,9:04:16 pm
106,01-Nov-2020,9:04:20 pm
107,01-Nov-2020,9:04:20 pm
108,01-Nov-2020,9:04:22 pm
107,01-Nov-2020,9:04:26 pm
106,01-Nov-2020,9:04:26 pm
105,01-Nov-2020,9:04:28 pm
106,01-Nov-2020,9:04:32 pm
107,01-Nov-2020,9:04:34 pm
107,01-Nov-2020,9:04:38 pm
107,01-Nov-2020,9:04:44 pm
107,01-Nov-2020,9:04:50 pm
110,01-Nov-2020,9:04:50 pm
112,01-Nov-2020,9:04:52 pm
113,01-Nov-2020,9:04:52 pm
112,01-Nov-2020,9:04:56 pm
111,01-Nov-2020,9:04:58 pm
113,01-Nov-2020,9:05:02 pm
113,01-Nov-2020,9:05:08 pm
111,01-Nov-2020,9:05:08 pm
110,01-Nov-2020,9:05:12 pm
109,01-Nov-2020,9:05:14 pm
108,01-Nov-2020,9:05:16 pm
107,01-Nov-2020,9:05:18 pm
107,01-Nov-2020,9:05:22 pm
106,01-Nov-2020,9:05:26 pm
106,01-Nov-2020,9:05:32 pm
106,01-Nov-2020,9:05:38 pm
107,01-Nov-2020,9:05:40 pm
106,01-Nov-2020,9:05:40 pm
99,01-Nov-2020,9:05:58 pm
106,01-Nov-2020,9:40:00 pm
107,01-Nov-2020,9:40:01 pm
106,01-Nov-2020,9:40:04 pm
107,01-Nov-2020,9:40:06 pm
106,01-Nov-2020,9:40:08 pm
105,01-Nov-2020,9:40:10 pm
106,01-Nov-2020,9:40:12 pm
107,01-Nov-2020,9:40:14 pm
106,01-Nov-2020,9:40:16 pm
106,01-Nov-2020,9:40:22 pm
107,01-Nov-2020,9:40:26 pm
108,01-Nov-2020,9:40:28 pm
109,01-Nov-2020,9:40:32 pm
108,01-Nov-2020,9:40:34 pm
107,01-Nov-2020,9:40:34 pm
107,01-Nov-2020,9:40:40 pm
107,01-Nov-2020,9:40:44 pm
106,01-Nov-2020,9:40:46 pm
107,01-Nov-2020,9:40:46 pm
106,01-Nov-2020,9:40:50 pm
107,01-Nov-2020,9:40:52 pm
106,01-Nov-2020,9:40:54 pm
105,01-Nov-2020,9:40:56 pm
104,01-Nov-2020,9:40:58 pm
103,01-Nov-2020,9:40:58 pm
102,01-Nov-2020,9:41:02 pm
103,01-Nov-2020,9:41:04 pm
102,01-Nov-2020,9:41:04 pm
102,01-Nov-2020,9:41:10 pm
101,01-Nov-2020,9:41:10 pm
101,01-Nov-2020,9:41:16 pm
102,01-Nov-2020,9:41:20 pm
103,01-Nov-2020,9:41:20 pm
104,01-Nov-2020,9:41:22 pm
105,01-Nov-2020,9:41:28 pm
106,01-Nov-2020,9:41:30 pm
106,01-Nov-2020,9:41:34 pm
107,01-Nov-2020,9:41:40 pm
107,01-Nov-2020,9:41:44 pm
106,01-Nov-2020,9:41:46 pm
106,01-Nov-2020,9:41:51 pm
105,01-Nov-2020,9:41:52 pm
105,01-Nov-2020,9:41:58 pm
129,01-Nov-2020,10:24:01 pm
131,01-Nov-2020,10:24:03 pm
132,01-Nov-2020,10:24:05 pm
131,01-Nov-2020,10:24:09 pm
130,01-Nov-2020,10:24:10 pm
131,01-Nov-2020,10:24:14 pm
132,01-Nov-2020,10:24:16 pm
133,01-Nov-2020,10:24:18 pm
134,01-Nov-2020,10:24:20 pm
134,01-Nov-2020,10:24:25 pm
135,01-Nov-2020,10:24:27 pm
138,01-Nov-2020,10:24:29 pm
139,01-Nov-2020,10:24:31 pm
139,01-Nov-2020,10:24:44 pm
108,01-Nov-2020,10:52:00 pm
107,01-Nov-2020,10:52:04 pm
107,01-Nov-2020,10:52:09 pm
108,01-Nov-2020,10:52:11 pm
107,01-Nov-2020,10:52:15 pm
108,01-Nov-2020,10:52:17 pm
110,01-Nov-2020,10:52:18 pm
112,01-Nov-2020,10:52:20 pm
114,01-Nov-2020,10:52:20 pm
115,01-Nov-2020,10:52:24 pm
114,01-Nov-2020,10:52:29 pm
115,01-Nov-2020,10:52:33 pm
115,01-Nov-2020,10:52:39 pm
116,01-Nov-2020,10:52:41 pm
116,01-Nov-2020,10:52:46 pm
119,01-Nov-2020,10:52:48 pm
120,01-Nov-2020,10:52:50 pm
119,01-Nov-2020,10:52:52 pm
120,01-Nov-2020,10:52:54 pm
